{"Board":"b","Posts":[{"Subject":"","Email":"Anonymous","Name":"OP","NameColor":"Red","Id":"5aqD69OM","Date":"2024-01-02T03:43:53Z","Number":28286592,"MessageBody":"Anoni jako że na nocnej siedzą z 3 osoby i nikt nie postuje postanowiłem się w końcu wyżalić bo czuję że jak nikomu się nie wypłakam to w końcu dojdzie do tragedii <br>Chodzi o moją robotę, nie chodzi o to że to jakiś januszex czy coś tylko o to że jest stresująca i każdego dnia dzieje się coś pojebanego. Widok śmierci, okaleczeń, patologii czy innych przejawów ciemnej ludzkiej strony są ze mną codziennie. Przez pierwsze lata pracy myślałem że jestem człowiekiem xaoxem i to wszystko po mnie spływa jednak okazało się że to wszystko się zbierało by jebnac we mnie ze zdwojoną siłą. Póki jestem w pracy wszystko jest ok, gorzej jak jestem na dniu wolnym albo jeszcze gorzej na urlopie <s>jak teraz</s> <br>Wtedy nie wychodzę z domu, chleje cały dzień i patrzę się w pusta ścianę, wydaje mi się że mam zespół stresu pourazowego ale boje się iść do specjalisty w obawie że zwolniliby mnie z roboty.  <br>Punktem kulminacyjnym była pewna sytuacja sprzed roku, od tamtej pory każdą chwila gdy nie jestem w pracy jest dla mnie niczym wspinaczka na szczyt góry, autentycznie wyczekuje powrotu do pracy bo tylko tam mogę jakkolwiek normalnie funkcjonować. <br>Moje życie towarzyskie chociaż i tak ubogie zdechło całkowicie, nie mam ochoty gadać z ludźmi ani wchodzić z nimi w interakcje bo przez pracę autentycznie brzydzę się ludźmi.  <br>Od jakiegoś czasu myśle nad pójściem do mozgogrzeba ale boje się że skończy się to dla mnie koniecznością wyjebania z roboty a wiem że bez niej sam się odkurwie.  <br>Popłakałem to wykurwiam  <br>","MessageText":"Anoni jako że na nocnej siedzą z 3 osoby i nikt nie postuje postanowiłem się w końcu wyżalić bo czuję że jak nikomu się nie wypłakam to w końcu dojdzie do tragedii\nChodzi o moją robotę, nie chodzi o to że to jakiś januszex czy coś tylko o to że jest stresująca i każdego dnia dzieje się coś pojebanego. Widok śmierci, okaleczeń, patologii czy innych przejawów ciemnej ludzkiej strony są ze mną codziennie. Przez pierwsze lata pracy myślałem że jestem człowiekiem xaoxem i to wszystko po mnie spływa jednak okazało się że to wszystko się zbierało by jebnac we mnie ze zdwojoną siłą. Póki jestem w pracy wszystko jest ok, gorzej jak jestem na dniu wolnym albo jeszcze gorzej na urlopie jak teraz\nWtedy nie wychodzę z domu, chleje cały dzień i patrzę się w pusta ścianę, wydaje mi się że mam zespół stresu pourazowego ale boje się iść do specjalisty w obawie że zwolniliby mnie z roboty.\nPunktem kulminacyjnym była pewna sytuacja sprzed roku, od tamtej pory każdą chwila gdy nie jestem w pracy jest dla mnie niczym wspinaczka na szczyt góry, autentycznie wyczekuje powrotu do pracy bo tylko tam mogę jakkolwiek normalnie funkcjonować.\nMoje życie towarzyskie chociaż i tak ubogie zdechło całkowicie, nie mam ochoty gadać z ludźmi ani wchodzić z nimi w interakcje bo przez pracę autentycznie brzydzę się ludźmi.\nOd jakiegoś czasu myśle nad pójściem do mozgogrzeba ale boje się że skończy się to dla mnie koniecznością wyjebania z roboty a wiem że bez niej sam się odkurwie.\nPopłakałem to wykurwiam","File":null,"EmbedUrl":null},{"Subject":null,"Email":"Anonymous","Name":"Terlicki","NameColor":"75, 235, 75","Id":"a86Y9.As","Date":"2024-01-02T03:47:03Z","Number":28286597,"MessageBody":"psem jestes ratownikiem czy pielegniarzem <br>","MessageText":"psem jestes ratownikiem czy pielegniarzem","File":null,"EmbedUrl":null},{"Subject":null,"Email":"Anonymous","Name":"Bodzio","NameColor":"235, 75, 208","Id":"i8ZSIBpk","Date":"2024-01-02T03:49:35Z","Number":28286600,"MessageBody":"Anon policjant na emeryturze here i coś czuję że tez jesteś niebieski, wiem co czujesz opie, sam 3 lata leczyłem się na ptsd po tym jak na interwencji domowej widziałem jak seba rozjebał swojemu dzieciakowi łeb o framugę jakby uderzajac nim jak pałką. <br>Masz moja atencje i możesz się wypłakać, jestem tu dla ciebie :3 <br>","MessageText":"Anon policjant na emeryturze here i coś czuję że tez jesteś niebieski, wiem co czujesz opie, sam 3 lata leczyłem się na ptsd po tym jak na interwencji domowej widziałem jak seba rozjebał swojemu dzieciakowi łeb o framugę jakby uderzajac nim jak pałką.\nMasz moja atencje i możesz się wypłakać, jestem tu dla ciebie :3","File":null,"EmbedUrl":null},{"Subject":null,"Email":"Anonymous","Name":"Tumu(L)ec","NameColor":"75, 129, 235","Id":"nJxZkW/Y","Date":"2024-01-02T03:52:41Z","Number":28286603,"MessageBody":"przez jakis czas bylem ratownikiem medycznym ale spierdolilem z wyzej wymienionych powodow i jestem teraz biurwem <s>cwelem w biurze</s> wiem co czujesz, jak nie dajesz rady to poletzam ten styl <img src=\"../Resources/emotki/lapka.gif\"> <br>","MessageText":"przez jakis czas bylem ratownikiem medycznym ale spierdolilem z wyzej wymienionych powodow i jestem teraz biurwem cwelem w biurze wiem co czujesz, jak nie dajesz rady to poletzam ten styl","File":null,"EmbedUrl":null},{"Subject":null,"Email":"Anonymous","Name":"OP","NameColor":"Red","Id":"5aqD69OM","Date":"2024-01-02T03:53:20Z","Number":28286604,"MessageBody":"<a href=\"#p28286597\" class=\"quotelink\">&gt;&gt;28286597</a> <br>Milicjant here dorabiający weekendowo jako ratownik medyczny <br><br><a href=\"#p28286600\" class=\"quotelink\">&gt;&gt;28286600</a> <br>Eh antonio u mnie jeszcze 4 lata do emki, przez całą karierę w patrolówce miasta wojewódzkiego. Widziałem tyle gówna, że chyba mój mózg już nie potrafi tego przetwarzać i dosłownie wegetuje  <br>Also słyszałem o tej historii z dzieciakiem, byłeś psem w <s>Poznaniu?</s> <br>","MessageText":">>28286597\nMilicjant here dorabiający weekendowo jako ratownik medyczny\n\n>>28286600\nEh antonio u mnie jeszcze 4 lata do emki, przez całą karierę w patrolówce miasta wojewódzkiego. Widziałem tyle gówna, że chyba mój mózg już nie potrafi tego przetwarzać i dosłownie wegetuje\nAlso słyszałem o tej historii z dzieciakiem, byłeś psem w Poznaniu?","File":null,"EmbedUrl":null},{"Subject":null,"Email":"Anonymous","Name":"Bodzio","NameColor":"235, 75, 208","Id":"i8ZSIBpk","Date":"2024-01-02T03:55:31Z","Number":28286606,"MessageBody":"<a href=\"#p28286604\" class=\"quotelink\">&gt;&gt;28286604</a> <br>Tak Poznań, głośna afera bo matka gowniaka to była policjantka z mojej komendy.  <br>4 lata to jeszcze spora cyfra, rozważałeś pójście na rowerki?  <br>","MessageText":">>28286604\nTak Poznań, głośna afera bo matka gowniaka to była policjantka z mojej komendy.\n4 lata to jeszcze spora cyfra, rozważałeś pójście na rowerki?","File":null,"EmbedUrl":null},{"Subject":null,"Email":"Anonymous","Name":"OP","NameColor":"Red","Id":"5aqD69OM","Date":"2024-01-02T03:56:59Z","Number":28286608,"MessageBody":"<a href=\"#p28286606\" class=\"quotelink\">&gt;&gt;28286606</a> <br><span class=\"quote\">&gt;rozważałeś pójście na rowerki? </span><br>Oczywiście, że tak. Ale na rowerki to tak 2 lata przed emką a teraz gadają że mają je znosić całkiem więc znając moje szczęście już się nie załapię <br>","MessageText":">>28286606\n>rozważałeś pójście na rowerki?\nOczywiście, że tak. Ale na rowerki to tak 2 lata przed emką a teraz gadają że mają je znosić całkiem więc znając moje szczęście już się nie załapię","File":null,"EmbedUrl":null},{"Subject":null,"Email":"Anonymous","Name":"Szufla","NameColor":"235, 75, 182","Id":"prW9We9w","Date":"2024-01-02T03:57:31Z","Number":28286609,"MessageBody":"opie dawaj najbardziej srogie historię z roboty albo takie inbowe fajne <br>","MessageText":"opie dawaj najbardziej srogie historię z roboty albo takie inbowe fajne","File":null,"EmbedUrl":null},{"Subject":null,"Email":"Anonymous","Name":"OP","NameColor":"Red","Id":"5aqD69OM","Date":"2024-01-02T03:57:41Z","Number":28286610,"MessageBody":"<a href=\"#p28286603\" class=\"quotelink\">&gt;&gt;28286603</a> <br><br>Szkoda mi wypracowanych lat a emerytura już tuż za rogiem  <br>","MessageText":">>28286603\n\nSzkoda mi wypracowanych lat a emerytura już tuż za rogiem","File":null,"EmbedUrl":null},{"Subject":null,"Email":"Anonymous","Name":"OP","NameColor":"Red","Id":"5aqD69OM","Date":"2024-01-02T04:01:02Z","Number":28286612,"MessageBody":"<a href=\"#p28286609\" class=\"quotelink\">&gt;&gt;28286609</a> <br><br>Sram psa tyle tego że nocy by nie starczyło, zależy co cię interesuje  <br>Takie świeże to ostatnio byłem na zgonie menela, który idąc do kibla poślizgnął się o orzechy włoskie które leżały na ziemi i zajebał łbem o kaloryfer, pic rel  <br>","MessageText":">>28286609\n\nSram psa tyle tego że nocy by nie starczyło, zależy co cię interesuje\nTakie świeże to ostatnio byłem na zgonie menela, który idąc do kibla poślizgnął się o orzechy włoskie które leżały na ziemi i zajebał łbem o kaloryfer, pic rel","File":{"FileName":"imagy-image.jpg","FileUrl":"media\\jpg\\imagy-image.jpg","FileThumbUrl":null},"EmbedUrl":null},{"Subject":null,"Email":"Anonymous","Name":"Łoniak","NameColor":"235, 155, 75","Id":"JWj1Cs.A","Date":"2024-01-02T04:05:15Z","Number":28286615,"MessageBody":"nie możesz przenieść się do jakiegoś wydziału gdzie zajmują się wyjebkami w Internecie? <br>","MessageText":"nie możesz przenieść się do jakiegoś wydziału gdzie zajmują się wyjebkami w Internecie?","File":null,"EmbedUrl":null},{"Subject":null,"Email":"Anonymous","Name":"Roksa","NameColor":"235, 235, 75","Id":"hZfkvtso","Date":"2024-01-02T04:08:11Z","Number":28286619,"MessageBody":"<a href=\"#p28286612\" class=\"quotelink\">&gt;&gt;28286612</a> <br>ale fistaszek <br>","MessageText":">>28286612\nale fistaszek","File":null,"EmbedUrl":null},{"Subject":null,"Email":"Anonymous","Name":"OP","NameColor":"Red","Id":"5aqD69OM","Date":"2024-01-02T04:09:22Z","Number":28286620,"MessageBody":"<a href=\"#p28286609\" class=\"quotelink\">&gt;&gt;28286609</a> <br><br>Innym razem mieliśmy zgłoszenie, że ludzie na chodniku widzieli jak jakiś seba w dresie pakuje coś zawinięte w dywan do bagażnika i odjeżdża z piskiem opon, naoczni świadkowie mieli widzieć wystające małe stupki i słyszeć płacz dziecka. Cała policja w mieście zapierdalała szukając auta, kamery sprawdzane non stop, dyżurny miejski to już chciał miasto blokować. Jak jeździłem to w pewnym momencie zauważyłem opisane auto, info po radiu i zatrzymujemy go, z wyciągniętymi klamkami krzyczymy by wyszedł i położył się na glebie, seba oszołomiony jakby się piwa napił, ja go zakuwam w dyby a kolega z patrolu mówi  <br><span class=\"quote\">&gt;anon kurwa na tylnym siedzeniu jest krew </span><br>Co się okazało? Facet miał psa któremu pękł jakiś wrzód i wiózł go do weterynarza, ale ten no świadkowie widzieli zawinięte w dywan małe dziecko  <br>","MessageText":">>28286609\n\nInnym razem mieliśmy zgłoszenie, że ludzie na chodniku widzieli jak jakiś seba w dresie pakuje coś zawinięte w dywan do bagażnika i odjeżdża z piskiem opon, naoczni świadkowie mieli widzieć wystające małe stupki i słyszeć płacz dziecka. Cała policja w mieście zapierdalała szukając auta, kamery sprawdzane non stop, dyżurny miejski to już chciał miasto blokować. Jak jeździłem to w pewnym momencie zauważyłem opisane auto, info po radiu i zatrzymujemy go, z wyciągniętymi klamkami krzyczymy by wyszedł i położył się na glebie, seba oszołomiony jakby się piwa napił, ja go zakuwam w dyby a kolega z patrolu mówi\n>anon kurwa na tylnym siedzeniu jest krew\nCo się okazało? Facet miał psa któremu pękł jakiś wrzód i wiózł go do weterynarza, ale ten no świadkowie widzieli zawinięte w dywan małe dziecko","File":null,"EmbedUrl":null},{"Subject":null,"Email":"Anonymous","Name":"OP","NameColor":"Red","Id":"5aqD69OM","Date":"2024-01-02T04:11:45Z","Number":28286623,"MessageBody":"<span class=\"quote\">&gt;przeniesienie się z patrolowki</span><br><span class=\"quote\">&gt;przy tych brakach kadrowych </span><br><br>Raz, że do lżejszych wydziałów wysyłają ludzi którzy się nie nadają na ulicę bo tam trudniej coś spierdolić a dwa co ja mam zmianiać jak ja tylko umiem mandaty wystawiać  <br>","MessageText":">przeniesienie się z patrolowki\n>przy tych brakach kadrowych\n\nRaz, że do lżejszych wydziałów wysyłają ludzi którzy się nie nadają na ulicę bo tam trudniej coś spierdolić a dwa co ja mam zmianiać jak ja tylko umiem mandaty wystawiać","File":null,"EmbedUrl":null},{"Subject":null,"Email":"Anonymous","Name":"Łoniak","NameColor":"235, 155, 75","Id":"JWj1Cs.A","Date":"2024-01-02T04:11:49Z","Number":28286624,"MessageBody":"<a href=\"#p28286620\" class=\"quotelink\">&gt;&gt;28286620</a>   <br>mieliście za tą akcje bynajmniej postępowanie dyscyplinarne? <br>","MessageText":">>28286620 \nmieliście za tą akcje bynajmniej postępowanie dyscyplinarne?","File":null,"EmbedUrl":null},{"Subject":null,"Email":"Anonymous","Name":"Przypiex","NameColor":"102, 75, 235","Id":"QoNgRawc","Date":"2024-01-02T04:13:25Z","Number":28286628,"MessageBody":"Ehh jak pracowałem na barze, to przychodził taki strażak też z rozjebana psycha, bo wiele razy wyciągał skwarki ze spalonych domów, albo młodzież z rozjebanych aut. Współczuję opie. Zawsze mi się wydawało, że też byłbym twardy bo widziałem tyle górę na genach, ale na żywo pewnie jest totalnie inaczej.  <br>","MessageText":"Ehh jak pracowałem na barze, to przychodził taki strażak też z rozjebana psycha, bo wiele razy wyciągał skwarki ze spalonych domów, albo młodzież z rozjebanych aut. Współczuję opie. Zawsze mi się wydawało, że też byłbym twardy bo widziałem tyle górę na genach, ale na żywo pewnie jest totalnie inaczej.","File":null,"EmbedUrl":null},{"Subject":null,"Email":"Anonymous","Name":"OP","NameColor":"Red","Id":"5aqD69OM","Date":"2024-01-02T04:14:03Z","Number":28286629,"MessageBody":"<a href=\"#p28286624\" class=\"quotelink\">&gt;&gt;28286624</a> <br><br>Niby za co? Uzasadnione podejrzenie i chuj. Skoro świadek widział porwanie dziecka to co ja będę z nim dyskutować  <br>","MessageText":">>28286624\n\nNiby za co? Uzasadnione podejrzenie i chuj. Skoro świadek widział porwanie dziecka to co ja będę z nim dyskutować","File":null,"EmbedUrl":null},{"Subject":null,"Email":"Anonymous","Name":"Przypiex","NameColor":"102, 75, 235","Id":"QoNgRawc","Date":"2024-01-02T04:15:03Z","Number":28286633,"MessageBody":"<a href=\"#p28286628\" class=\"quotelink\">&gt;&gt;28286628</a> <br><span class=\"quote\">&gt;gore na henach</span><br><br>Poprawiond, jebany telefonik <br>","MessageText":">>28286628\n>gore na henach\n\nPoprawiond, jebany telefonik","File":null,"EmbedUrl":null},{"Subject":null,"Email":"Anonymous","Name":"OP","NameColor":"Red","Id":"5aqD69OM","Date":"2024-01-02T04:17:07Z","Number":28286635,"MessageBody":"<a href=\"#p28286628\" class=\"quotelink\">&gt;&gt;28286628</a> <br><br>Co innego oglądać filmiki z bestgora a co innego czuć smród rozkładającego się ciała albo uczucia gdy wchodzisz do spalonej chałupy i wdepniesz w nogą w coś co jeszcze parę godzin temu było czyjąś głową. <br>","MessageText":">>28286628\n\nCo innego oglądać filmiki z bestgora a co innego czuć smród rozkładającego się ciała albo uczucia gdy wchodzisz do spalonej chałupy i wdepniesz w nogą w coś co jeszcze parę godzin temu było czyjąś głową.","File":null,"EmbedUrl":null},{"Subject":null,"Email":"Anonymous","Name":"Przypiex","NameColor":"102, 75, 235","Id":"QoNgRawc","Date":"2024-01-02T04:17:42Z","Number":28286636,"MessageBody":"Zmiana tematu. Ponoć karyny dają dupy na szkole milicyjnej, to prawda?  <br>","MessageText":"Zmiana tematu. Ponoć karyny dają dupy na szkole milicyjnej, to prawda?","File":null,"EmbedUrl":null},{"Subject":null,"Email":"Anonymous","Name":"OP","NameColor":"Red","Id":"5aqD69OM","Date":"2024-01-02T04:20:17Z","Number":28286639,"MessageBody":"<a href=\"#p28286636\" class=\"quotelink\">&gt;&gt;28286636</a> <br><br>Jeszcze jak ale co się dziwić  <br>Teraz młody przyszedł świeżo po szkole policji to mówił że na jego kursie na 4 kompanie szkolne było 18 bab i ponad 100 chłopów <br>Tak samo jest zresztą w wojsku czy straży granicznej, kurwy pięknie się tam pierdolą <br>","MessageText":">>28286636\n\nJeszcze jak ale co się dziwić\nTeraz młody przyszedł świeżo po szkole policji to mówił że na jego kursie na 4 kompanie szkolne było 18 bab i ponad 100 chłopów\nTak samo jest zresztą w wojsku czy straży granicznej, kurwy pięknie się tam pierdolą","File":null,"EmbedUrl":null},{"Subject":null,"Email":"Anonymous","Name":"Szufla","NameColor":"235, 75, 182","Id":"prW9We9w","Date":"2024-01-02T04:20:39Z","Number":28286640,"MessageBody":"<a href=\"#p28286612\" class=\"quotelink\">&gt;&gt;28286612</a> <br>oi chui i ta plama zgnilizny na ziemi sog dla ciebie anone a miałeś styczność z patologiami typu stary oddaje córkę menelom/sebkom do jebania za chlanie/ćpanie <br>","MessageText":">>28286612\noi chui i ta plama zgnilizny na ziemi sog dla ciebie anone a miałeś styczność z patologiami typu stary oddaje córkę menelom/sebkom do jebania za chlanie/ćpanie","File":null,"EmbedUrl":null},{"Subject":null,"Email":"Anonymous","Name":"Terlicki","NameColor":"75, 235, 75","Id":"a86Y9.As","Date":"2024-01-02T04:21:29Z","Number":28286642,"MessageBody":"<a href=\"#p28286612\" class=\"quotelink\">&gt;&gt;28286612</a> <br>to akurat smieszne jest oslo mam taki sam grzejnik zeliwny  <br>","MessageText":">>28286612\nto akurat smieszne jest oslo mam taki sam grzejnik zeliwny","File":null,"EmbedUrl":null},{"Subject":null,"Email":"Anonymous","Name":"Wujek Billy","NameColor":"102, 75, 235","Id":"KQk9amuI","Date":"2024-01-02T04:25:51Z","Number":28286643,"MessageBody":"<a href=\"#p28286604\" class=\"quotelink\">&gt;&gt;28286604</a> <br>zmień pracę na tiry to odżyjesz  <br>policja to niewdzięczna praca bardzo, użerasz się z patologią a jak widać ze 30% ludiz i tak tobą gardzi i pomiata, traktuje jakl wroga, do tego nie chcą płacić wam godnie, bo za prace policjant a powinno się zarabiać co najmniej ze 2-3 razy tyle co teraz zarabiacie <br>dlatego pierdol to, niech się sami polacy ratuję przed przemocą i bandytami ze strony innych ludzi, wtedy będą szczęśliwy <br>","MessageText":">>28286604\nzmień pracę na tiry to odżyjesz\npolicja to niewdzięczna praca bardzo, użerasz się z patologią a jak widać ze 30% ludiz i tak tobą gardzi i pomiata, traktuje jakl wroga, do tego nie chcą płacić wam godnie, bo za prace policjant a powinno się zarabiać co najmniej ze 2-3 razy tyle co teraz zarabiacie\ndlatego pierdol to, niech się sami polacy ratuję przed przemocą i bandytami ze strony innych ludzi, wtedy będą szczęśliwy","File":null,"EmbedUrl":null},{"Subject":null,"Email":"Anonymous","Name":"Łoniak","NameColor":"235, 155, 75","Id":"JWj1Cs.A","Date":"2024-01-02T04:28:18Z","Number":28286644,"MessageBody":"<a href=\"#p28286643\" class=\"quotelink\">&gt;&gt;28286643</a>  <br>za to co policja robiła przez ostatnie 8 lat to bardzo dobrze że jest jebana przez społeczeństwo <br>komediant od granatnika to truskawka na torcie tych patalachow <br>","MessageText":">>28286643\nza to co policja robiła przez ostatnie 8 lat to bardzo dobrze że jest jebana przez społeczeństwo\nkomediant od granatnika to truskawka na torcie tych patalachow","File":null,"EmbedUrl":null},{"Subject":null,"Email":"Anonymous","Name":"OP","NameColor":"Red","Id":"5aqD69OM","Date":"2024-01-02T04:28:32Z","Number":28286645,"MessageBody":"<a href=\"#p28286640\" class=\"quotelink\">&gt;&gt;28286640</a> <br><br>Tak i to częstsze zjawisko niż się wydaje <br>Jeden z bardziej popierdolonych przypadków to była sytuacja gdy była matka 50lvl, jej siostra 53lvl i ich córki odpowiednio 25lvl i 30lvl. Cała czwórka uzależniona od prochów, do pracy nie mogły iść bo to uwłacza ich godności więc dawały dupy nie tyle co za hajs a za towar. Po policję zadzwoniła najstarsza bo klient chciał ją <span class=\"quote\">&gt;oszukać</span>  <br>Mianowicie zgodziły się na pięciokąt i szwagier srаł je 4 naraz, po wszystkim oświadczył że nie ma towaru ani gotówki ale na pace samochodu ma 200kg ziemniaków to jak chcą to on im je da, sprzedadzą se i będą miały gotówkę, widocznie były na takim głodzie że się zgodziły. Za jakiś czas facet wrócił na srаnie a kurwy do niego z morda że ziemniaków nie sprzedały <span style=\"background-color: #000000; color: #FF9C00; font-weight: bold;\"> xD </span> to facet zaproponował że mogą się tak umówić że one mu dadzą dupy w zamian za te ziemniaki że mu oddadzą spowrotem no i się zgodziły xD dopiero po fakcie ogarnęły że w sumie to im się nie opłaca i wezwały policję że hurr durr okradł nas  <br>","MessageText":">>28286640\n\nTak i to częstsze zjawisko niż się wydaje\nJeden z bardziej popierdolonych przypadków to była sytuacja gdy była matka 50lvl, jej siostra 53lvl i ich córki odpowiednio 25lvl i 30lvl. Cała czwórka uzależniona od prochów, do pracy nie mogły iść bo to uwłacza ich godności więc dawały dupy nie tyle co za hajs a za towar. Po policję zadzwoniła najstarsza bo klient chciał ją >oszukać\nMianowicie zgodziły się na pięciokąt i szwagier srаł je 4 naraz, po wszystkim oświadczył że nie ma towaru ani gotówki ale na pace samochodu ma 200kg ziemniaków to jak chcą to on im je da, sprzedadzą se i będą miały gotówkę, widocznie były na takim głodzie że się zgodziły. Za jakiś czas facet wrócił na srаnie a kurwy do niego z morda że ziemniaków nie sprzedały xD to facet zaproponował że mogą się tak umówić że one mu dadzą dupy w zamian za te ziemniaki że mu oddadzą spowrotem no i się zgodziły xD dopiero po fakcie ogarnęły że w sumie to im się nie opłaca i wezwały policję że hurr durr okradł nas","File":null,"EmbedUrl":null},{"Subject":null,"Email":"Anonymous","Name":"OP","NameColor":"Red","Id":"5aqD69OM","Date":"2024-01-02T04:30:29Z","Number":28286646,"MessageBody":"<a href=\"#p28286644\" class=\"quotelink\">&gt;&gt;28286644</a> <br><br>Przypomnieć ci seba co robiliśmy za PO/PSL i SLD?  <br>","MessageText":">>28286644\n\nPrzypomnieć ci seba co robiliśmy za PO/PSL i SLD?","File":null,"EmbedUrl":null},{"Subject":null,"Email":"Anonymous","Name":"Wujek Billy","NameColor":"102, 75, 235","Id":"KQk9amuI","Date":"2024-01-02T04:31:46Z","Number":28286647,"MessageBody":"<a href=\"#p28286644\" class=\"quotelink\">&gt;&gt;28286644</a> <br>no i teraz op będzie płacił za korupcję i gnijący łeb ryby?  <br>dlatego o tym pisze, policja to odgórnie gówno firma, ale to polacy wybrali takich polityków <s>czyli ty i ja</s> sobie, teraz za tusska będzie jeszcze gorzej z policją <br>","MessageText":">>28286644\nno i teraz op będzie płacił za korupcję i gnijący łeb ryby?\ndlatego o tym pisze, policja to odgórnie gówno firma, ale to polacy wybrali takich polityków czyli ty i ja sobie, teraz za tusska będzie jeszcze gorzej z policją","File":null,"EmbedUrl":null},{"Subject":null,"Email":"Anonymous","Name":"OP","NameColor":"Red","Id":"5aqD69OM","Date":"2024-01-02T04:33:16Z","Number":28286648,"MessageBody":"<a href=\"#p28286644\" class=\"quotelink\">&gt;&gt;28286644</a> <br><br>Bo z tego co pamiętam za PO pacyfikowalismy górników, marsz niepodległości, braliśmy w łapę, legalnie napierdalalismy obywateli <s>brak kamer i każdy miał tbw na skargi</s> i ogólnie mielismy wolna amerykankę <br>A za PiSu policja zła bo ten no mandaty za maseczki <br>","MessageText":">>28286644\n\nBo z tego co pamiętam za PO pacyfikowalismy górników, marsz niepodległości, braliśmy w łapę, legalnie napierdalalismy obywateli brak kamer i każdy miał tbw na skargi i ogólnie mielismy wolna amerykankę\nA za PiSu policja zła bo ten no mandaty za maseczki","File":null,"EmbedUrl":null},{"Subject":null,"Email":"Anonymous","Name":"Łoniak","NameColor":"235, 155, 75","Id":"JWj1Cs.A","Date":"2024-01-02T04:33:50Z","Number":28286649,"MessageBody":"<a href=\"#p28286646\" class=\"quotelink\">&gt;&gt;28286646</a>  <br>no przypomnij <br>pilnowaliście setkami radiowozów domu jakiegoś starego dziada na żoli? <br>pałowaliście protestujące licealistki? <br>","MessageText":">>28286646\nno przypomnij\npilnowaliście setkami radiowozów domu jakiegoś starego dziada na żoli?\npałowaliście protestujące licealistki?","File":null,"EmbedUrl":null},{"Subject":null,"Email":"Anonymous","Name":"OP","NameColor":"Red","Id":"5aqD69OM","Date":"2024-01-02T04:35:13Z","Number":28286651,"MessageBody":"<a href=\"#p28286643\" class=\"quotelink\">&gt;&gt;28286643</a> <br><span class=\"quote\">&gt;niech się polacy sami ratują </span><br>Tak bardzo to, już nawet nie idźmy w skrajności że ratowanie życia ale ciekawe jak sobie ludzie poradzą jak nie będzie miał im kto opierdolic dokumentacji z kolizji dla ubezpieczyciela  <br>","MessageText":">>28286643\n>niech się polacy sami ratują\nTak bardzo to, już nawet nie idźmy w skrajności że ratowanie życia ale ciekawe jak sobie ludzie poradzą jak nie będzie miał im kto opierdolic dokumentacji z kolizji dla ubezpieczyciela","File":null,"EmbedUrl":null},{"Subject":null,"Email":"Anonymous","Name":"Wujek Billy","NameColor":"102, 75, 235","Id":"KQk9amuI","Date":"2024-01-02T04:36:25Z","Number":28286652,"MessageBody":"<a href=\"#p28286649\" class=\"quotelink\">&gt;&gt;28286649</a> <br><span class=\"quote\">&gt;wy robiliście</span><br>sugerowanie ze policjant typu krawężnik coś robi oprócz wykonywania rozkazów, w międzyczasie za pół darmo odpierdala dla ciebie sebuś najgorszą robotę, chroniąc twoja dupę przez hardymi bandytami któzy by cię wyjebali we wszystkie dziury i twoją starą gdyby nie było policji i miałbyś meksyk <br>also, masz kurwa 15 lat i rozum julki, wypierdalaj bo mi się nawet nie chce z tobą pisać <br>","MessageText":">>28286649\n>wy robiliście\nsugerowanie ze policjant typu krawężnik coś robi oprócz wykonywania rozkazów, w międzyczasie za pół darmo odpierdala dla ciebie sebuś najgorszą robotę, chroniąc twoja dupę przez hardymi bandytami któzy by cię wyjebali we wszystkie dziury i twoją starą gdyby nie było policji i miałbyś meksyk\nalso, masz kurwa 15 lat i rozum julki, wypierdalaj bo mi się nawet nie chce z tobą pisać","File":null,"EmbedUrl":null},{"Subject":null,"Email":"Anonymous","Name":"Anon debil","NameColor":"75, 235, 129","Id":"mIaL5d.2","Date":"2024-01-02T04:36:34Z","Number":28286653,"MessageBody":"<a href=\"#p28286592\" class=\"quotelink\">&gt;&gt;28286592 (OP)</a> <br>ciężko sie dostawać do ABW? <br>","MessageText":">>28286592 (OP)\nciężko sie dostawać do ABW?","File":null,"EmbedUrl":null},{"Subject":null,"Email":"Anonymous","Name":"Łoniak","NameColor":"235, 155, 75","Id":"JWj1Cs.A","Date":"2024-01-02T04:37:24Z","Number":28286654,"MessageBody":"<span class=\"quote\">&gt;bądź zwykłym kumplem</span><br><span class=\"quote\">&gt;mysl, że jesteś chuj nie wiadomo kim, bez kogo zawali się porządek w Polsce</span><br>xd  <br>","MessageText":">bądź zwykłym kumplem\n>mysl, że jesteś chuj nie wiadomo kim, bez kogo zawali się porządek w Polsce\nxd","File":null,"EmbedUrl":null},{"Subject":null,"Email":"Anonymous","Name":"OP","NameColor":"Red","Id":"5aqD69OM","Date":"2024-01-02T04:37:46Z","Number":28286655,"MessageBody":"<a href=\"#p28286649\" class=\"quotelink\">&gt;&gt;28286649</a> <br><br><span class=\"quote\">&gt;pilnowanie Kaczyńskiego </span><br>Aha  <br><span class=\"quote\">&gt;policja to zhierarchizowana służba mundurowa</span><br><span class=\"quote\">&gt;dziw się że dostają rozkazy </span><br>Nie ja seba decydowałem o tym kto ma co pilnować, ale pamiętam jak w 2013 przez miesiąc stałem i pilnowałem klubu poselskiego PO w moim mieście  <br><br><span class=\"quote\">&gt;pałowanie kurew </span><br>xD  <br>Cuck jedziemy, to mężczyzn można a kurew nie? To fajne podwójne standardy  <br>","MessageText":">>28286649\n\n>pilnowanie Kaczyńskiego\nAha\n>policja to zhierarchizowana służba mundurowa\n>dziw się że dostają rozkazy\nNie ja seba decydowałem o tym kto ma co pilnować, ale pamiętam jak w 2013 przez miesiąc stałem i pilnowałem klubu poselskiego PO w moim mieście\n\n>pałowanie kurew\nxD\nCuck jedziemy, to mężczyzn można a kurew nie? To fajne podwójne standardy","File":null,"EmbedUrl":null},{"Subject":null,"Email":"Anonymous","Name":"Szufla","NameColor":"235, 75, 182","Id":"prW9We9w","Date":"2024-01-02T04:38:23Z","Number":28286656,"MessageBody":"<a href=\"#p28286645\" class=\"quotelink\">&gt;&gt;28286645</a> <br>o jak się spierdoliłem z dania dupy za 200 kilo pyr xD xD xD ale czekaj szwagier w sensie że klient kurewy czy szwagier którejś z kurew? <br>","MessageText":">>28286645\no jak się spierdoliłem z dania dupy za 200 kilo pyr xD xD xD ale czekaj szwagier w sensie że klient kurewy czy szwagier którejś z kurew?","File":null,"EmbedUrl":null},{"Subject":null,"Email":"Anonymous","Name":"Pomiot","NameColor":"235, 208, 75","Id":"lvxzHJQA","Date":"2024-01-02T04:39:15Z","Number":28286657,"MessageBody":"<a href=\"#p28286655\" class=\"quotelink\">&gt;&gt;28286655</a> <br>widac zes kumpel pisowski i glosowales na pisa wam tam pranie mozgu zrobili przez te 8 lat pewnie masz ołtarzyk z kaczynskim w domu <br>obys dostal zalamania nerwowego chuju i pośliznął sie o orzech włoski <br>","MessageText":">>28286655\nwidac zes kumpel pisowski i glosowales na pisa wam tam pranie mozgu zrobili przez te 8 lat pewnie masz ołtarzyk z kaczynskim w domu\nobys dostal zalamania nerwowego chuju i pośliznął sie o orzech włoski","File":null,"EmbedUrl":null},{"Subject":null,"Email":"Anonymous","Name":"OP","NameColor":"Red","Id":"5aqD69OM","Date":"2024-01-02T04:39:18Z","Number":28286658,"MessageBody":"<a href=\"#p28286654\" class=\"quotelink\">&gt;&gt;28286654</a> <br><br><span class=\"quote\">&gt;ta autokorekta</span><br><span class=\"quote\">&gt;emotki </span><br><br>Dobra widzę że mamy tutaj do czynienia z podwiekiem <br>","MessageText":">>28286654\n\n>ta autokorekta\n>emotki\n\nDobra widzę że mamy tutaj do czynienia z podwiekiem","File":null,"EmbedUrl":null},{"Subject":null,"Email":"Anonymous","Name":"Łoniak","NameColor":"235, 155, 75","Id":"JWj1Cs.A","Date":"2024-01-02T04:39:22Z","Number":28286659,"MessageBody":"<a href=\"#p28286655\" class=\"quotelink\">&gt;&gt;28286655</a>   <br>może i jestem cuckiem, ale na pewno nie jebanym alkoholikiem <br>","MessageText":">>28286655 \nmoże i jestem cuckiem, ale na pewno nie jebanym alkoholikiem","File":null,"EmbedUrl":null},{"Subject":null,"Email":"Anonymous","Name":"Szufla","NameColor":"235, 75, 182","Id":"prW9We9w","Date":"2024-01-02T04:40:11Z","Number":28286660,"MessageBody":"olso opie postuj więcej ciekawych historii i tbw na frustratów skurwysynów jp100% <img src=\"../Resources/emotki/cool.gif\"><img src=\"../Resources/emotki/lapka.gif\"> <br>","MessageText":"olso opie postuj więcej ciekawych historii i tbw na frustratów skurwysynów jp100%","File":null,"EmbedUrl":null},{"Subject":null,"Email":"Anonymous","Name":"Łoniak","NameColor":"235, 155, 75","Id":"JWj1Cs.A","Date":"2024-01-02T04:40:42Z","Number":28286661,"MessageBody":"<a href=\"#p28286658\" class=\"quotelink\">&gt;&gt;28286658</a> <br>ajfon, mówi to panu coś? <s>ajfona to ty miałeś w ręku jak spisywałeś imei od oskarka </s> <br>","MessageText":">>28286658\najfon, mówi to panu coś? ajfona to ty miałeś w ręku jak spisywałeś imei od oskarka","File":null,"EmbedUrl":null},{"Subject":null,"Email":"Anonymous","Name":"OP","NameColor":"Red","Id":"5aqD69OM","Date":"2024-01-02T04:40:53Z","Number":28286662,"MessageBody":"<a href=\"#p28286657\" class=\"quotelink\">&gt;&gt;28286657</a> <br><br>To niezłe projekcje, w życiu nie byłem na wyborach nie licząc raz prezydenckich jak głosowałem na vouchera <br>","MessageText":">>28286657\n\nTo niezłe projekcje, w życiu nie byłem na wyborach nie licząc raz prezydenckich jak głosowałem na vouchera","File":null,"EmbedUrl":null},{"Subject":null,"Email":"Anonymous","Name":"Toster","NameColor":"182, 75, 235","Id":"cuCdmTsE","Date":"2024-01-02T04:40:56Z","Number":28286663,"MessageBody":"wolałbyś zjeść gówno czy szklankę? <br>","MessageText":"wolałbyś zjeść gówno czy szklankę?","File":null,"EmbedUrl":null},{"Subject":null,"Email":"Anonymous","Name":"Pomiot","NameColor":"235, 208, 75","Id":"lvxzHJQA","Date":"2024-01-02T04:41:49Z","Number":28286664,"MessageBody":"<a href=\"#p28286663\" class=\"quotelink\">&gt;&gt;28286663</a> <br>jak to jest pies jebany xd on by zjadł całą szklanice gówna i jeszcze by popił szczochem pierdoła jebana <br>tfuu na cb pało policyjna <br>","MessageText":">>28286663\njak to jest pies jebany xd on by zjadł całą szklanice gówna i jeszcze by popił szczochem pierdoła jebana\ntfuu na cb pało policyjna","File":null,"EmbedUrl":null},{"Subject":null,"Email":"Anonymous","Name":"OP","NameColor":"Red","Id":"5aqD69OM","Date":"2024-01-02T04:42:17Z","Number":28286665,"MessageBody":"<a href=\"#p28286663\" class=\"quotelink\">&gt;&gt;28286663</a> <br><br>Zależy którego nakarmisz  <br>","MessageText":">>28286663\n\nZależy którego nakarmisz","File":null,"EmbedUrl":null},{"Subject":null,"Email":"Anonymous","Name":"Toster","NameColor":"182, 75, 235","Id":"cuCdmTsE","Date":"2024-01-02T04:43:16Z","Number":28286666,"MessageBody":"<a href=\"#p28286665\" class=\"quotelink\">&gt;&gt;28286665</a> <br>dało do myślenia. opowiedz coś więcej o patologii takiej rodzinnej, bo odnoszę wrażenie że właśnie tam się dzieją najbardziej pokurwione rzeczy. prawda to? <br>","MessageText":">>28286665\ndało do myślenia. opowiedz coś więcej o patologii takiej rodzinnej, bo odnoszę wrażenie że właśnie tam się dzieją najbardziej pokurwione rzeczy. prawda to?","File":null,"EmbedUrl":null},{"Subject":null,"Email":"Anonymous","Name":"OP","NameColor":"Red","Id":"5aqD69OM","Date":"2024-01-02T04:43:48Z","Number":28286667,"MessageBody":"<a href=\"#p28286653\" class=\"quotelink\">&gt;&gt;28286653</a> <br><br>Język angielski zaawansowany albo inny europejski język i bzikasz <br>","MessageText":">>28286653\n\nJęzyk angielski zaawansowany albo inny europejski język i bzikasz","File":null,"EmbedUrl":null},{"Subject":null,"Email":"Anonymous","Name":"OP","NameColor":"Red","Id":"5aqD69OM","Date":"2024-01-02T04:45:25Z","Number":28286670,"MessageBody":"<a href=\"#p28286666\" class=\"quotelink\">&gt;&gt;28286666</a> <br>O gówno murzynie temat rzeka, polska patologia to temat na niejedna książkę i na dobra sprawę ciężko napisać coś ogólnie, sprecyzuj co bys chciał wiedzieć to odpowiem najlepiej jak umiem  <br>","MessageText":">>28286666\nO gówno murzynie temat rzeka, polska patologia to temat na niejedna książkę i na dobra sprawę ciężko napisać coś ogólnie, sprecyzuj co bys chciał wiedzieć to odpowiem najlepiej jak umiem","File":null,"EmbedUrl":null},{"Subject":null,"Email":"Anonymous","Name":"Przypiex","NameColor":"102, 75, 235","Id":"QoNgRawc","Date":"2024-01-02T04:45:35Z","Number":28286671,"MessageBody":"Miałeś oferty loda zamiast mandatu itp? xD <br>","MessageText":"Miałeś oferty loda zamiast mandatu itp? xD","File":null,"EmbedUrl":null},{"Subject":null,"Email":"Anonymous","Name":"Wujek Billy","NameColor":"102, 75, 235","Id":"KQk9amuI","Date":"2024-01-02T04:46:06Z","Number":28286672,"MessageBody":"<a href=\"#p28286658\" class=\"quotelink\">&gt;&gt;28286658</a> <br>opie polecam ci nawet tutaj na tym forum nie pisać z tymi debilami o swojej pracy bo 80% to zjeby które nawet nie wiedza jak działa świat oprócz tego co się z monitorka dowiedzą <br>pałuj takich porządnie na patrolach jak trzeba i jechane z takim polskim buractwem <br>z tego co wiem jest jedno forum policyjne i polecam tam dyskutować o swoich problemach ze stresem z kolegami po fachu, bo tutaj jedynie błędne informacje zwrotne dostaniesz  <br>choć teraz jest i tan najlepsza godzina na czanie aby tu z oskarkami i sebkami ułomnym nie mieć styczności  <br>","MessageText":">>28286658\nopie polecam ci nawet tutaj na tym forum nie pisać z tymi debilami o swojej pracy bo 80% to zjeby które nawet nie wiedza jak działa świat oprócz tego co się z monitorka dowiedzą\npałuj takich porządnie na patrolach jak trzeba i jechane z takim polskim buractwem\nz tego co wiem jest jedno forum policyjne i polecam tam dyskutować o swoich problemach ze stresem z kolegami po fachu, bo tutaj jedynie błędne informacje zwrotne dostaniesz\nchoć teraz jest i tan najlepsza godzina na czanie aby tu z oskarkami i sebkami ułomnym nie mieć styczności","File":{"FileName":"szanuje policje.mp4","FileUrl":"media\\mp4\\szanuje policje.mp4","FileThumbUrl":"media\\mp4\\thumb\\szanuje policje.gif"},"EmbedUrl":null},{"Subject":null,"Email":"Anonymous","Name":"Pomiot","NameColor":"235, 208, 75","Id":"lvxzHJQA","Date":"2024-01-02T04:47:42Z","Number":28286674,"MessageBody":"<a href=\"#p28286672\" class=\"quotelink\">&gt;&gt;28286672</a> <br>dwa psy sobie liżą dupska no fascynująca historia <br>wypierdalaj jeden z drugim sie mądrzyć przed sebkami bo tutaj deklasuje was intelektualnie nawet hipis i rakus <br>","MessageText":">>28286672\ndwa psy sobie liżą dupska no fascynująca historia\nwypierdalaj jeden z drugim sie mądrzyć przed sebkami bo tutaj deklasuje was intelektualnie nawet hipis i rakus","File":null,"EmbedUrl":null},{"Subject":null,"Email":"Anonymous","Name":"Toster","NameColor":"182, 75, 235","Id":"cuCdmTsE","Date":"2024-01-02T04:49:02Z","Number":28286675,"MessageBody":"<a href=\"#p28286670\" class=\"quotelink\">&gt;&gt;28286670</a> <br><span class=\"quote\">&gt;sprecyzuj co bys chciał wiedzieć </span><br>kurwa, nie wiem sam. napisz coś o takich melinach typowych, typu ojciec szmaci córkę albo matka sprzedaje własne dzieci aby mieć na towar. jedzenie psów albo córka przykuta do kaloryfera i dawana menelom na sranie za metanol. coś z klimatów typu gruz 200 albo dom zły jeśli oglądałeś. zdrowy człowiek z tej strony, przysięam <br>","MessageText":">>28286670\n>sprecyzuj co bys chciał wiedzieć\nkurwa, nie wiem sam. napisz coś o takich melinach typowych, typu ojciec szmaci córkę albo matka sprzedaje własne dzieci aby mieć na towar. jedzenie psów albo córka przykuta do kaloryfera i dawana menelom na sranie za metanol. coś z klimatów typu gruz 200 albo dom zły jeśli oglądałeś. zdrowy człowiek z tej strony, przysięam","File":null,"EmbedUrl":null},{"Subject":null,"Email":"Anonymous","Name":"OP","NameColor":"Red","Id":"5aqD69OM","Date":"2024-01-02T04:49:26Z","Number":28286676,"MessageBody":"<a href=\"#p28286671\" class=\"quotelink\">&gt;&gt;28286671</a> <br><br>Raz gówniara której starego zawijałem z mieszkania za zajebanie sąsiadowi harpunem przychodziła do nas pod komendę i chciała ze mną rozmawiać bo miała się zakochać, jak się pojawiała to naczelnik mówił bym kazał jej wykurwiać <br><br><a href=\"#p28286672\" class=\"quotelink\">&gt;&gt;28286672</a> <br>Eh anonie, forume policyjne to siedlisko raka większe niż kara <br>","MessageText":">>28286671\n\nRaz gówniara której starego zawijałem z mieszkania za zajebanie sąsiadowi harpunem przychodziła do nas pod komendę i chciała ze mną rozmawiać bo miała się zakochać, jak się pojawiała to naczelnik mówił bym kazał jej wykurwiać\n\n>>28286672\nEh anonie, forume policyjne to siedlisko raka większe niż kara","File":null,"EmbedUrl":null},{"Subject":null,"Email":"Anonymous","Name":"Pomiot","NameColor":"235, 208, 75","Id":"lvxzHJQA","Date":"2024-01-02T04:49:53Z","Number":28286677,"MessageBody":"<a href=\"#p28286675\" class=\"quotelink\">&gt;&gt;28286675</a> <br>wez sobie wejdz na pornhuba i zwal sobie konia jak normalny czlowiek zamiast do historyjek z patroli 40 letniego praviczka <br>","MessageText":">>28286675\nwez sobie wejdz na pornhuba i zwal sobie konia jak normalny czlowiek zamiast do historyjek z patroli 40 letniego praviczka","File":null,"EmbedUrl":null},{"Subject":null,"Email":"Anonymous","Name":"Dziwkarz","NameColor":"235, 235, 75","Id":"cfJY.wC.","Date":"2024-01-02T04:50:35Z","Number":28286678,"MessageBody":"<a href=\"#p28286604\" class=\"quotelink\">&gt;&gt;28286604</a> <br><span class=\"quote\">&gt;milicjant dorabiajacy jako ratownik medyczny</span><br><i style=\"font-size:50px\" class=\"wycop wycop-bartoszewski\"></i> <br>","MessageText":">>28286604\n>milicjant dorabiajacy jako ratownik medyczny","File":null,"EmbedUrl":null},{"Subject":null,"Email":"Anonymous","Name":"OP","NameColor":"Red","Id":"5aqD69OM","Date":"2024-01-02T04:53:25Z","Number":28286679,"MessageBody":"<a href=\"#p28286656\" class=\"quotelink\">&gt;&gt;28286656</a> <br>Szwagier w sensie klient  <br><br><a href=\"#p28286675\" class=\"quotelink\">&gt;&gt;28286675</a> <br>Temat rzeka, na dobrą sprawę wszystko co wymieniłeś dzieje się w polskich domach i niekoniecznie musi to być blokowisko i patola  <br>Były przypadki córki z bogatego domu która dawała dupy bezdomnym jako forma buntu przed zaborczym ojczymem, który jak się o tym dowiedział to wsadził jej w cipsko kij od szczotki.  <br>W patolach najczęściej dzieciaki robią jako tania siła robocza w stylu  <br><span class=\"quote\">&gt;posprzątaj bo mamusia nie ma hehe siły </span><br><span class=\"quote\">&gt;skocz do sklepu po fajki</span><br><span class=\"quote\">&gt;ogarnij coś do żarcia </span><br>","MessageText":">>28286656\nSzwagier w sensie klient\n\n>>28286675\nTemat rzeka, na dobrą sprawę wszystko co wymieniłeś dzieje się w polskich domach i niekoniecznie musi to być blokowisko i patola\nByły przypadki córki z bogatego domu która dawała dupy bezdomnym jako forma buntu przed zaborczym ojczymem, który jak się o tym dowiedział to wsadził jej w cipsko kij od szczotki.\nW patolach najczęściej dzieciaki robią jako tania siła robocza w stylu\n>posprzątaj bo mamusia nie ma hehe siły\n>skocz do sklepu po fajki\n>ogarnij coś do żarcia","File":null,"EmbedUrl":null},{"Subject":null,"Email":"Anonymous","Name":"OP","NameColor":"Red","Id":"5aqD69OM","Date":"2024-01-02T04:54:39Z","Number":28286680,"MessageBody":"<a href=\"#p28286678\" class=\"quotelink\">&gt;&gt;28286678</a> <br><br>Powodzenia w utrzymaniu się za 5k na rękę a ratownictwo to jeden z nielicznych zawodów na które dostaniesz zgodę komendanta  <br>","MessageText":">>28286678\n\nPowodzenia w utrzymaniu się za 5k na rękę a ratownictwo to jeden z nielicznych zawodów na które dostaniesz zgodę komendanta","File":null,"EmbedUrl":null},{"Subject":null,"Email":"Anonymous","Name":"Wujek Billy","NameColor":"102, 75, 235","Id":"KQk9amuI","Date":"2024-01-02T04:56:40Z","Number":28286681,"MessageBody":"<a href=\"#p28286674\" class=\"quotelink\">&gt;&gt;28286674</a> <br><span class=\"quote\">&gt;hipis</span><br>bezrobotny, upośledzony umysłowo i fizycznie człowiek na utrzymaniu mamy, na zegarku bohatyrkim, alkoholik i narkoman <br><span class=\"quote\">&gt;rakus</span><br>żeżuncyjny oski który tu nigdy nie pasował i nie będzie pasował przez co ma ból dupy aż do dziś <br><br>no i ty, pasujący jak ulał tutaj do swojej bandy, kółeczka nieudaczników nie potrafiących żyć w społeczeństwie którzy coś nawywijali, dostali pałą po jajach i teraz jp100% to wasz kult i myśl przewodnia, liżcie się po jajach z innymi wykopkami, ćwierćinteligenci aspirujący na miano anonów prawdziwych  <br>","MessageText":">>28286674\n>hipis\nbezrobotny, upośledzony umysłowo i fizycznie człowiek na utrzymaniu mamy, na zegarku bohatyrkim, alkoholik i narkoman\n>rakus\nżeżuncyjny oski który tu nigdy nie pasował i nie będzie pasował przez co ma ból dupy aż do dziś\n\nno i ty, pasujący jak ulał tutaj do swojej bandy, kółeczka nieudaczników nie potrafiących żyć w społeczeństwie którzy coś nawywijali, dostali pałą po jajach i teraz jp100% to wasz kult i myśl przewodnia, liżcie się po jajach z innymi wykopkami, ćwierćinteligenci aspirujący na miano anonów prawdziwych","File":null,"EmbedUrl":null},{"Subject":null,"Email":"Anonymous","Name":"Dziwkarz","NameColor":"235, 235, 75","Id":"cfJY.wC.","Date":"2024-01-02T04:59:08Z","Number":28286683,"MessageBody":"<a href=\"#p28286674\" class=\"quotelink\">&gt;&gt;28286674</a> <br>to, op to mitoman albo pospolity alkus i mitoman, ich glowny szef jest takim debilem ze rozjebal pol posterunku granatnikiem, wiec szeregowka moze byc tylko glupsza <br>","MessageText":">>28286674\nto, op to mitoman albo pospolity alkus i mitoman, ich glowny szef jest takim debilem ze rozjebal pol posterunku granatnikiem, wiec szeregowka moze byc tylko glupsza","File":null,"EmbedUrl":null},{"Subject":null,"Email":"Anonymous","Name":"Pomiot","NameColor":"235, 208, 75","Id":"lvxzHJQA","Date":"2024-01-02T04:59:58Z","Number":28286684,"MessageBody":"<a href=\"#p28286681\" class=\"quotelink\">&gt;&gt;28286681</a> <br>ale masz wyparcie kurewko policyjna, nienawidzi was cale spoleczenstwo a nie tylko sebki, za to jak warujecie pod domem dziada na kazde jego skinienie <br>jestescie gównem nawet zomo mialo lepszy PR niz wy psy skóndlone <br>bynajmniej sie nie rozmnazacie brudy jebane i po calym miesiacu oglądania zgnilych meneli dostajecie 1/3 mojej wyplaty za picie kawusi do monitora <br><br>wy zera <br>","MessageText":">>28286681\nale masz wyparcie kurewko policyjna, nienawidzi was cale spoleczenstwo a nie tylko sebki, za to jak warujecie pod domem dziada na kazde jego skinienie\njestescie gównem nawet zomo mialo lepszy PR niz wy psy skóndlone\nbynajmniej sie nie rozmnazacie brudy jebane i po calym miesiacu oglądania zgnilych meneli dostajecie 1/3 mojej wyplaty za picie kawusi do monitora\n\nwy zera","File":null,"EmbedUrl":null},{"Subject":null,"Email":"Anonymous","Name":"Dziwkarz","NameColor":"235, 235, 75","Id":"cfJY.wC.","Date":"2024-01-02T05:02:27Z","Number":28286685,"MessageBody":"<a href=\"#p28286680\" class=\"quotelink\">&gt;&gt;28286680</a> <br>co ty pierdolisz, zeby zostac ratownikiem medycznym musisz miec defeki medyczne licencjackie i robi sie tam po 300h w miesiacu, o jakim ty mitomanie dorabianiu sobie mowisz jak tam dyzury trwaja po 12h tak samo jak i w policji, bys nie dal rady gragiku ulozyc zeby ci zmiany nie nachodzily xD <br>","MessageText":">>28286680\nco ty pierdolisz, zeby zostac ratownikiem medycznym musisz miec defeki medyczne licencjackie i robi sie tam po 300h w miesiacu, o jakim ty mitomanie dorabianiu sobie mowisz jak tam dyzury trwaja po 12h tak samo jak i w policji, bys nie dal rady gragiku ulozyc zeby ci zmiany nie nachodzily xD","File":null,"EmbedUrl":null},{"Subject":null,"Email":"Anonymous","Name":"OP","NameColor":"Red","Id":"5aqD69OM","Date":"2024-01-02T05:02:40Z","Number":28286686,"MessageBody":"<a href=\"#p28286678\" class=\"quotelink\">&gt;&gt;28286678</a> <br><a href=\"#p28286683\" class=\"quotelink\">&gt;&gt;28286683</a>  <br><br>Zapomniałeś zmienić IP seba <style>@keyframes pulse { 0% {background-color: #EA6045;} 25% {background-color: #F8CA4D;} 50% {background-color: #F5E5C0;} 75% {background-color: #3F5666;} 100% {background-color: #2F3440;} }</style><span style=\"animation: pulse 1s infinite alternate; \">KOMPROMITACJA CWELA</span>  <br>Also  <br><span class=\"quote\">&gt;komenda główna policji</span><br><span class=\"quote\">&gt;posterunek </span><br>O jak zgniłem z ułoma xD <br>","MessageText":">>28286678\n>>28286683\n\nZapomniałeś zmienić IP seba @keyframes pulse { 0% {background-color: #EA6045;} 25% {background-color: #F8CA4D;} 50% {background-color: #F5E5C0;} 75% {background-color: #3F5666;} 100% {background-color: #2F3440;} }KOMPROMITACJA CWELA\nAlso\n>komenda główna policji\n>posterunek\nO jak zgniłem z ułoma xD","File":null,"EmbedUrl":null},{"Subject":null,"Email":"Anonymous","Name":"Wujek Billy","NameColor":"102, 75, 235","Id":"KQk9amuI","Date":"2024-01-02T05:03:47Z","Number":28286688,"MessageBody":"<a href=\"#p28286684\" class=\"quotelink\">&gt;&gt;28286684</a> <br>twój ból dupy jest dla mnie przyjemny  <br>więcej proszę <br>","MessageText":">>28286684\ntwój ból dupy jest dla mnie przyjemny\nwięcej proszę","File":{"FileName":"masaż.png","FileUrl":"media\\png\\masaż.png","FileThumbUrl":null},"EmbedUrl":null},{"Subject":null,"Email":"Anonymous","Name":"OP","NameColor":"Red","Id":"5aqD69OM","Date":"2024-01-02T05:04:06Z","Number":28286689,"MessageBody":"<span class=\"quote\">&gt;12h dyżury w policji </span><br>Chyba kurwa w powiatówce xD  <br><span class=\"quote\">&gt;300h wyrabiasz </span><br>Tak seba dokładnie tak jest xD <br>","MessageText":">12h dyżury w policji\nChyba kurwa w powiatówce xD\n>300h wyrabiasz\nTak seba dokładnie tak jest xD","File":null,"EmbedUrl":null},{"Subject":null,"Email":"Anonymous","Name":"Pomiot","NameColor":"235, 208, 75","Id":"lvxzHJQA","Date":"2024-01-02T05:04:54Z","Number":28286691,"MessageBody":"<a href=\"#p28286688\" class=\"quotelink\">&gt;&gt;28286688</a> <br>ide już spatku <br>tabletki se weź na ptsd dziadu jebany i coś na reumatyzm <br>","MessageText":">>28286688\nide już spatku\ntabletki se weź na ptsd dziadu jebany i coś na reumatyzm","File":null,"EmbedUrl":null},{"Subject":null,"Email":"Anonymous","Name":"OP","NameColor":"Red","Id":"5aqD69OM","Date":"2024-01-02T05:05:47Z","Number":28286693,"MessageBody":"<a href=\"#p28286691\" class=\"quotelink\">&gt;&gt;28286691</a> <br>Pa uciek <style>@keyframes pulse { 0% {background-color: #EA6045;} 25% {background-color: #F8CA4D;} 50% {background-color: #F5E5C0;} 75% {background-color: #3F5666;} 100% {background-color: #2F3440;} }</style><span style=\"animation: pulse 1s infinite alternate; \">KOMPROMITACJA CWELA</span> <style>@keyframes pulse { 0% {background-color: #EA6045;} 25% {background-color: #F8CA4D;} 50% {background-color: #F5E5C0;} 75% {background-color: #3F5666;} 100% {background-color: #2F3440;} }</style><span style=\"animation: pulse 1s infinite alternate; \">KOMPROMITACJA CWELA</span> <br>","MessageText":">>28286691\nPa uciek @keyframes pulse { 0% {background-color: #EA6045;} 25% {background-color: #F8CA4D;} 50% {background-color: #F5E5C0;} 75% {background-color: #3F5666;} 100% {background-color: #2F3440;} }KOMPROMITACJA CWELA @keyframes pulse { 0% {background-color: #EA6045;} 25% {background-color: #F8CA4D;} 50% {background-color: #F5E5C0;} 75% {background-color: #3F5666;} 100% {background-color: #2F3440;} }KOMPROMITACJA CWELA","File":null,"EmbedUrl":null},{"Subject":null,"Email":"Anonymous","Name":"Pomiot","NameColor":"235, 208, 75","Id":"lvxzHJQA","Date":"2024-01-02T05:06:51Z","Number":28286694,"MessageBody":"<a href=\"#p28286693\" class=\"quotelink\">&gt;&gt;28286693</a> <br>typowy pies hahahah niewiarygodne jaki smiec bał sie odezwać przez pół godziny jak pisałem a teraz chojrak <br>kisne z ciebie w chuj kryspin <br>","MessageText":">>28286693\ntypowy pies hahahah niewiarygodne jaki smiec bał sie odezwać przez pół godziny jak pisałem a teraz chojrak\nkisne z ciebie w chuj kryspin","File":null,"EmbedUrl":null},{"Subject":null,"Email":"Anonymous","Name":"Bodzio","NameColor":"235, 75, 208","Id":"i8ZSIBpk","Date":"2024-01-02T05:08:30Z","Number":28286696,"MessageBody":"O jak gnije z tych wszystkich jp mafia xD  <br>W grupie z bezpiecznej odległości albo w internecie to kozaki jakich mało, a jak bagieta stoi nad głową to jest tylko  <br><span class=\"quote\">&gt;panie władzo ja nie chciałem </span><br><span class=\"quote\">&gt;można hehe pouczenie proszę </span><br><span class=\"quote\">&gt;to nie ja panie władzo tak naprawdę to was lubię </span><br><span class=\"quote\">&gt;POMOCY AŁA KURWA DZWOŃCIE PO KARETKEEE</span><br>","MessageText":"O jak gnije z tych wszystkich jp mafia xD\nW grupie z bezpiecznej odległości albo w internecie to kozaki jakich mało, a jak bagieta stoi nad głową to jest tylko\n>panie władzo ja nie chciałem\n>można hehe pouczenie proszę\n>to nie ja panie władzo tak naprawdę to was lubię\n>POMOCY AŁA KURWA DZWOŃCIE PO KARETKEEE","File":null,"EmbedUrl":null},{"Subject":null,"Email":"Anonymous","Name":"Absztyfikant","NameColor":"155, 155, 155","Id":"Qyg7t3go","Date":"2024-01-02T05:46:02Z","Number":28286719,"MessageBody":"Zjebałeś dziadziusia pisząc o byciu ratownikiem xD <br>Już trzeba było pisać że jesteś w OSP <br>","MessageText":"Zjebałeś dziadziusia pisząc o byciu ratownikiem xD\nJuż trzeba było pisać że jesteś w OSP","File":null,"EmbedUrl":null},{"Subject":null,"Email":"Anonymous","Name":"Malec","NameColor":"75, 75, 235","Id":"WkgL75FM","Date":"2024-01-02T06:55:01Z","Number":28286759,"MessageBody":"<a href=\"#p28286600\" class=\"quotelink\">&gt;&gt;28286600</a> <br>nie mialbys traumy gdybys mogl na miejscu rozjebac tego sebka tak jak kiedys sie to robilo a nie pierdolenie sie z wyrokami i calym tym pedalstwem <br>","MessageText":">>28286600\nnie mialbys traumy gdybys mogl na miejscu rozjebac tego sebka tak jak kiedys sie to robilo a nie pierdolenie sie z wyrokami i calym tym pedalstwem","File":null,"EmbedUrl":null},{"Subject":null,"Email":"Anonymous","Name":"Malec","NameColor":"75, 75, 235","Id":"WkgL75FM","Date":"2024-01-02T06:59:11Z","Number":28286762,"MessageBody":"<span class=\"quote\">&gt;Punktem kulminacyjnym była pewna sytuacja sprzed roku</span><br>jaka? <br>","MessageText":">Punktem kulminacyjnym była pewna sytuacja sprzed roku\njaka?","File":null,"EmbedUrl":null},{"Subject":null,"Email":"Anonymous","Name":"Cebulak","NameColor":"102, 235, 75","Id":"Krq0oAFA","Date":"2024-01-02T07:58:52Z","Number":28286819,"MessageBody":"<a href=\"#p28286649\" class=\"quotelink\">&gt;&gt;28286649</a> <br><span class=\"quote\">&gt;pałowaliście protestujące licealistki? </span><br>jaki cuck pierdolony xD <br>","MessageText":">>28286649\n>pałowaliście protestujące licealistki?\njaki cuck pierdolony xD","File":null,"EmbedUrl":null},{"Subject":null,"Email":"Anonymous","Name":"Zoofil","NameColor":"75, 235, 155","Id":"/Krny2iU","Date":"2024-01-02T08:17:30Z","Number":28286864,"MessageBody":"<a href=\"#p28286600\" class=\"quotelink\">&gt;&gt;28286600</a> <br>opowiec <br>ta sprawa z lilką z poznania? na twoich oczach rozjebał dziwcko? jak to wyglądalo, drgawki, pisk, krew? <br>","MessageText":">>28286600\nopowiec\nta sprawa z lilką z poznania? na twoich oczach rozjebał dziwcko? jak to wyglądalo, drgawki, pisk, krew?","File":null,"EmbedUrl":null},{"Subject":null,"Email":"Anonymous","Name":"Esesman","NameColor":"235, 208, 75","Id":"exHr/l6U","Date":"2024-01-02T08:44:04Z","Number":28286946,"MessageBody":"jakie są wymagania które trzeba spełnić? niby braki kaadrowe a kilka osób sie nie dostało z mojego otoczenia <br>","MessageText":"jakie są wymagania które trzeba spełnić? niby braki kaadrowe a kilka osób sie nie dostało z mojego otoczenia","File":null,"EmbedUrl":null},{"Subject":null,"Email":"Anonymous","Name":"Toster","NameColor":"182, 75, 235","Id":"gYYJcS8E","Date":"2024-01-02T09:25:47Z","Number":28287048,"MessageBody":"bump jakościowego <br>","MessageText":"bump jakościowego","File":null,"EmbedUrl":null}]}